INSERT INTO locations (name, city, state, state_code, region, country)
VALUES (
  'Albany, NY',
  'Albany',
  'New York',
  'NY',
  'Northeast',
  'United States of America'
);

INSERT INTO locations (name, city, state, state_code, region, country)
VALUES (
  'Atlanta, GA',
  'Atlanta',
  'Georgia',
  'GA',
  'South',
  'United States of America'
);

INSERT INTO locations (name, city, state, state_code, region, country)
VALUES (
  'Austin, TX',
  'Austin',
  'Texas',
  'TX',
  'South',
  'United States of America'
);

INSERT INTO locations (name, city, state, state_code, region, country)
VALUES (
  'Baltimore, MD',
  'Baltimore',
  'Maryland',
  'MD',
  'South',
  'United States of America'
);

INSERT INTO locations (name, city, state, state_code, region, country)
VALUES (
  'Bentonville, AR',
  'Bentonville',
  'Arkansas',
  'AR',
  'South',
  'United States of America'
);

INSERT INTO locations (name, city, state, state_code, region, country)
VALUES (
  'Fayetteville, AR',
  'Fayetteville',
  'Arkansas',
  'AR',
  'South',
  'United States of America'
);

INSERT INTO locations (name, city, state, state_code, region, country)
VALUES (
  'Bloomington, IL',
  'Bloomington',
  'Illinois',
  'IL',
  'Midwest',
  'United States of America'
);

INSERT INTO locations (name, city, state, state_code, region, country)
VALUES (
  'Normal, IL',
  'Normal',
  'Illinois',
  'IL',
  'Midwest',
  'United States of America'
);

INSERT INTO locations (name, city, state, state_code, region, country)
VALUES (
  'Boise, ID',
  'Boise',
  'Idaho',
  'ID',
  'West',
  'United States of America'
);

INSERT INTO locations (name, city, state, state_code, region, country)
VALUES (
  'Boston, MA',
  'Boston',
  'Massachusetts',
  'MA',
  'Northeast',
  'United States of America'
);

INSERT INTO locations (name, city, state, state_code, region, country)
VALUES (
  'Buffalo, NY',
  'Buffalo',
  'New York',
  'NY',
  'Northeast',
  'United States of America'
);

INSERT INTO locations (name, city, state, state_code, region, country)
VALUES (
  'Burlington, VT',
  'Burlington',
  'Vermont',
  'VT',
  'Northeast',
  'United States of America'
);

INSERT INTO locations (name, city, state, state_code, region, country)
VALUES (
  'Cedar Rapids, IA',
  'Cedar Rapids',
  'Iowa',
  'IA',
  'Midwest',
  'United States of America'
);

INSERT INTO locations (name, city, state, state_code, region, country)
VALUES (
  'Charleston, SC',
  'Charleston',
  'South Carolina',
  'SC',
  'South',
  'United States of America'
);

INSERT INTO locations (name, city, state, state_code, region, country)
VALUES (
  'Charlotte, NC',
  'Charlotte',
  'North Carolina',
  'NC',
  'South',
  'United States of America'
);

INSERT INTO locations (name, city, state, state_code, region, country)
VALUES (
  'Chicago, IL',
  'Chicago',
  'Illinois',
  'IL',
  'Midwest',
  'United States of America'
);

INSERT INTO locations (name, city, state, state_code, region, country)
VALUES (
  'Cincinnati, OH',
  'Cincinnati',
  'Ohio',
  'OH',
  'Midwest',
  'United States of America'
);

INSERT INTO locations (name, city, state, state_code, region, country)
VALUES (
  'Cleveland, OH',
  'Cleveland',
  'Ohio',
  'OH',
  'Midwest',
  'United States of America'
);

INSERT INTO locations (name, city, state, state_code, region, country)
VALUES (
  'Columbus, OH',
  'Columbus',
  'Ohio',
  'OH',
  'Midwest',
  'United States of America'
);

INSERT INTO locations (name, city, state, state_code, region, country)
VALUES (
  'Corpus Christi, TX',
  'Corpus Christi',
  'Texas',
  'TX',
  'South',
  'United States of America'
);

INSERT INTO locations (name, city, state, state_code, region, country)
VALUES (
  'Dallas, TX',
  'Dallas',
  'Texas',
  'TX',
  'South',
  'United States of America'
);

INSERT INTO locations (name, city, state, state_code, region, country)
VALUES (
  'Fort Worth, TX',
  'Fort Worth',
  'Texas',
  'TX',
  'South',
  'United States of America'
);

INSERT INTO locations (name, city, state, state_code, region, country)
VALUES (
  'Denver, CO',
  'Denver',
  'Colorado',
  'CO',
  'West',
  'United States of America'
);

INSERT INTO locations (name, city, state, state_code, region, country)
VALUES (
  'Des Moines, IA',
  'Des Moines',
  'Iowa',
  'IA',
  'Midwest',
  'United States of America'
);

INSERT INTO locations (name, city, state, state_code, region, country)
VALUES (
  'Detroit, MI',
  'Detroit',
  'Michigan',
  'MI',
  'Midwest',
  'United States of America'
);

INSERT INTO locations (name, city, state, state_code, region, country)
VALUES (
  'El Paso, TX',
  'El Paso',
  'Texas',
  'TX',
  'South',
  'United States of America'
);

INSERT INTO locations (name, city, state, state_code, region, country)
VALUES (
  'Fargo, ND',
  'Fargo',
  'North Dakota',
  'ND',
  'Midwest',
  'United States of America'
);

INSERT INTO locations (name, city, state, state_code, region, country)
VALUES (
  'Fort Myers, FL',
  'Fort Myers',
  'Florida',
  'FL',
  'South',
  'United States of America'
);

INSERT INTO locations (name, city, state, state_code, region, country)
VALUES (
  'Fort Lauderdale, FL',
  'Fort Lauderdale',
  'Florida',
  'FL',
  'South',
  'United States of America'
);

INSERT INTO locations (name, city, state, state_code, region, country)
VALUES (
  'Fresno, CA',
  'Fresno',
  'California',
  'CA',
  'West',
  'United States of America'
);

INSERT INTO locations (name, city, state, state_code, region, country)
VALUES (
  'Grand Rapids, MI',
  'Grand Rapids',
  'Michigan',
  'MI',
  'Midwest',
  'United States of America'
);

INSERT INTO locations (name, city, state, state_code, region, country)
VALUES (
  'Green Bay, WI',
  'Green Bay',
  'Wisconsin',
  'WI',
  'Midwest',
  'United States of America'
);

INSERT INTO locations (name, city, state, state_code, region, country)
VALUES (
  'Harrisburg, PA',
  'Harrisburg',
  'Pennsylvania',
  'PA',
  'Northeast',
  'United States of America'
);

INSERT INTO locations (name, city, state, state_code, region, country)
VALUES (
  'Hartford, CT',
  'Hartford',
  'Connecticut',
  'CT',
  'Northeast',
  'United States of America'
);

INSERT INTO locations (name, city, state, state_code, region, country)
VALUES (
  'Houston, TX',
  'Houston',
  'Texas',
  'TX',
  'South',
  'United States of America'
);

INSERT INTO locations (name, city, state, state_code, region, country)
VALUES (
  'Hudson Valley, NY',
  'Hudson Valley',
  'New York',
  'NY',
  'Northeast',
  'United States of America'
);

INSERT INTO locations (name, city, state, state_code, region, country)
VALUES (
  'Indianapolis, IN',
  'Indianapolis',
  'Indiana',
  'IN',
  'Midwest',
  'United States of America'
);

INSERT INTO locations (name, city, state, state_code, region, country)
VALUES (
  'Jacksonville, FL',
  'Jacksonville',
  'Florida',
  'FL',
  'South',
  'United States of America'
);

INSERT INTO locations (name, city, state, state_code, region, country)
VALUES (
  'Kansas City, MO',
  'Kansas City',
  'Missouri',
  'MO',
  'Midwest',
  'United States of America'
);

INSERT INTO locations (name, city, state, state_code, region, country)
VALUES (
  'Knoxville, TN',
  'Knoxville',
  'Tennessee',
  'TN',
  'South',
  'United States of America'
);

INSERT INTO locations (name, city, state, state_code, region, country)
VALUES (
  'Las Vegas, NV',
  'Las Vegas',
  'Nevada',
  'NV',
  'West',
  'United States of America'
);

INSERT INTO locations (name, city, state, state_code, region, country)
VALUES (
  'Little Rock, AR',
  'Little Rock',
  'Arkansas',
  'AR',
  'South',
  'United States of America'
);

INSERT INTO locations (name, city, state, state_code, region, country)
VALUES (
  'Los Angeles, CA',
  'Los Angeles',
  'California',
  'CA',
  'West',
  'United States of America'
);

INSERT INTO locations (name, city, state, state_code, region, country)
VALUES (
  'Burbank, CA',
  'Burbank',
  'California',
  'CA',
  'West',
  'United States of America'
);

INSERT INTO locations (name, city, state, state_code, region, country)
VALUES (
  'Madison, WI',
  'Madison',
  'Wisconsin',
  'WI',
  'Midwest',
  'United States of America'
);

INSERT INTO locations (name, city, state, state_code, region, country)
VALUES (
  'McAllen, TX',
  'McAllen',
  'Texas',
  'TX',
  'South',
  'United States of America'
);

INSERT INTO locations (name, city, state, state_code, region, country)
VALUES (
  'Memphis, TN',
  'Memphis',
  'Tennessee',
  'TN',
  'South',
  'United States of America'
);

INSERT INTO locations (name, city, state, state_code, region, country)
VALUES (
  'Miami, FL',
  'Miami',
  'Florida',
  'FL',
  'South',
  'United States of America'
);

INSERT INTO locations (name, city, state, state_code, region, country)
VALUES (
  'Milwaukee, WI',
  'Milwaukee',
  'Wisconsin',
  'WI',
  'Midwest',
  'United States of America'
);

INSERT INTO locations (name, city, state, state_code, region, country)
VALUES (
  'Minneapolis, MN',
  'Minneapolis',
  'Minnesota',
  'MN',
  'Midwest',
  'United States of America'
);

INSERT INTO locations (name, city, state, state_code, region, country)
VALUES (
  'St. Paul, MN',
  'St. Paul',
  'Minnesota',
  'MN',
  'Midwest',
  'United States of America'
);

INSERT INTO locations (name, city, state, state_code, region, country)
VALUES (
  'Missoula, MT',
  'Missoula',
  'Montana',
  'MT',
  'West',
  'United States of America'
);

INSERT INTO locations (name, city, state, state_code, region, country)
VALUES (
  'Myrtle Beach, SC',
  'Myrtle Beach',
  'South Carolina',
  'SC',
  'South',
  'United States of America'
);

INSERT INTO locations (name, city, state, state_code, region, country)
VALUES (
  'Nashville, TN',
  'Nashville',
  'Tennessee',
  'TN',
  'South',
  'United States of America'
);

INSERT INTO locations (name, city, state, state_code, region, country)
VALUES (
  'New Orleans, LA',
  'New Orleans',
  'Louisiana',
  'LA',
  'South',
  'United States of America'
);

INSERT INTO locations (name, city, state, state_code, region, country)
VALUES (
  'New York, NY',
  'New York',
  'New York',
  'NY',
  'Northeast',
  'United States of America'
);

INSERT INTO locations (name, city, state, state_code, region, country)
VALUES (
  'Islip, NY',
  'Islip',
  'New York',
  'NY',
  'Northeast',
  'United States of America'
);

INSERT INTO locations (name, city, state, state_code, region, country)
VALUES (
  'Newark, NJ',
  'Newark',
  'New Jersey',
  'NJ',
  'Northeast',
  'United States of America'
);

INSERT INTO locations (name, city, state, state_code, region, country)
VALUES (
  'Norfolk, VA',
  'Norfolk',
  'Virginia',
  'VA',
  'South',
  'United States of America'
);

INSERT INTO locations (name, city, state, state_code, region, country)
VALUES (
  'Oakland, CA',
  'Oakland',
  'California',
  'CA',
  'West',
  'United States of America'
);

INSERT INTO locations (name, city, state, state_code, region, country)
VALUES (
  'Oklahoma City, OK',
  'Oklahoma City',
  'Oklahoma',
  'OK',
  'South',
  'United States of America'
);

INSERT INTO locations (name, city, state, state_code, region, country)
VALUES (
  'Omaha, NE',
  'Omaha',
  'Nebraska',
  'NE',
  'Midwest',
  'United States of America'
);

INSERT INTO locations (name, city, state, state_code, region, country)
VALUES (
  'Ontario, CA',
  'Ontario',
  'California',
  'CA',
  'West',
  'United States of America'
);

INSERT INTO locations (name, city, state, state_code, region, country)
VALUES (
  'Orange County, CA',
  'Orange County',
  'California',
  'CA',
  'West',
  'United States of America'
);

INSERT INTO locations (name, city, state, state_code, region, country)
VALUES (
  'Orlando, FL',
  'Orlando',
  'Florida',
  'FL',
  'South',
  'United States of America'
);

INSERT INTO locations (name, city, state, state_code, region, country)
VALUES (
  'Palm Beach, FL',
  'Palm Beach',
  'Florida',
  'FL',
  'South',
  'United States of America'
);

INSERT INTO locations (name, city, state, state_code, region, country)
VALUES (
  'Palm Springs, CA',
  'Palm Springs',
  'California',
  'CA',
  'West',
  'United States of America'
);

INSERT INTO locations (name, city, state, state_code, region, country)
VALUES (
  'Pensacola, FL',
  'Pensacola',
  'Florida',
  'FL',
  'South',
  'United States of America'
);

INSERT INTO locations (name, city, state, state_code, region, country)
VALUES (
  'Philadelphia, PA',
  'Philadelphia',
  'Pennsylvania',
  'PA',
  'Northeast',
  'United States of America'
);

INSERT INTO locations (name, city, state, state_code, region, country)
VALUES (
  'Phoenix, AZ',
  'Phoenix',
  'Arizona',
  'AZ',
  'West',
  'United States of America'
);

INSERT INTO locations (name, city, state, state_code, region, country)
VALUES (
  'Pittsburgh, PA',
  'Pittsburgh',
  'Pennsylvania',
  'PA',
  'Northeast',
  'United States of America'
);

INSERT INTO locations (name, city, state, state_code, region, country)
VALUES (
  'Portland, OR',
  'Portland',
  'Oregon',
  'OR',
  'West',
  'United States of America'
);

INSERT INTO locations (name, city, state, state_code, region, country)
VALUES (
  'Portland, ME',
  'Portland',
  'Maine',
  'ME',
  'Northeast',
  'United States of America'
);

INSERT INTO locations (name, city, state, state_code, region, country)
VALUES (
  'Providence, RI',
  'Providence',
  'Rhode Island',
  'RI',
  'Northeast',
  'United States of America'
);

INSERT INTO locations (name, city, state, state_code, region, country)
VALUES (
  'Raleigh, NC',
  'Raleigh',
  'North Carolina',
  'NC',
  'South',
  'United States of America'
);

INSERT INTO locations (name, city, state, state_code, region, country)
VALUES (
  'Durham, NC',
  'Durham',
  'North Carolina',
  'NC',
  'South',
  'United States of America'
);

INSERT INTO locations (name, city, state, state_code, region, country)
VALUES (
  'Reno, NV',
  'Reno',
  'Nevada',
  'NV',
  'West',
  'United States of America'
);

INSERT INTO locations (name, city, state, state_code, region, country)
VALUES (
  'Tahoe, NV',
  'Tahoe',
  'Nevada',
  'NV',
  'West',
  'United States of America'
);

INSERT INTO locations (name, city, state, state_code, region, country)
VALUES (
  'Richmond, VA',
  'Richmond',
  'Virginia',
  'VA',
  'South',
  'United States of America'
);

INSERT INTO locations (name, city, state, state_code, region, country)
VALUES (
  'Sacramento, CA',
  'Sacramento',
  'California',
  'CA',
  'West',
  'United States of America'
);

INSERT INTO locations (name, city, state, state_code, region, country)
VALUES (
  'Salt Lake City, UT',
  'Salt Lake City',
  'Utah',
  'UT',
  'West',
  'United States of America'
);

INSERT INTO locations (name, city, state, state_code, region, country)
VALUES (
  'San Antonio, TX',
  'San Antonio',
  'Texas',
  'TX',
  'South',
  'United States of America'
);

INSERT INTO locations (name, city, state, state_code, region, country)
VALUES (
  'San Diego, CA',
  'San Diego',
  'California',
  'CA',
  'West',
  'United States of America'
);

INSERT INTO locations (name, city, state, state_code, region, country)
VALUES (
  'San Francisco, CA',
  'San Francisco',
  'California',
  'CA',
  'West',
  'United States of America'
);

INSERT INTO locations (name, city, state, state_code, region, country)
VALUES (
  'San Jose, CA',
  'San Jose',
  'California',
  'CA',
  'West',
  'United States of America'
);

INSERT INTO locations (name, city, state, state_code, region, country)
VALUES (
  'Sarasota, FL',
  'Sarasota',
  'Florida',
  'FL',
  'South',
  'United States of America'
);

INSERT INTO locations (name, city, state, state_code, region, country)
VALUES (
  'Bradenton, FL',
  'Bradenton',
  'Florida',
  'FL',
  'South',
  'United States of America'
);

INSERT INTO locations (name, city, state, state_code, region, country)
VALUES (
  'Savannah, GA',
  'Savannah',
  'Georgia',
  'GA',
  'South',
  'United States of America'
);

INSERT INTO locations (name, city, state, state_code, region, country)
VALUES (
  'Seattle, WA',
  'Seattle',
  'Washington',
  'WA',
  'West',
  'United States of America'
);

INSERT INTO locations (name, city, state, state_code, region, country)
VALUES (
  'Everett, WA',
  'Everett',
  'Washington',
  'WA',
  'West',
  'United States of America'
);

INSERT INTO locations (name, city, state, state_code, region, country)
VALUES (
  'Tacoma, WA',
  'Tacoma',
  'Washington',
  'WA',
  'West',
  'United States of America'
);

INSERT INTO locations (name, city, state, state_code, region, country)
VALUES (
  'Sioux Falls, SD',
  'Sioux Falls',
  'South Dakota',
  'SD',
  'Midwest',
  'United States of America'
);

INSERT INTO locations (name, city, state, state_code, region, country)
VALUES (
  'Spokane, WA',
  'Spokane',
  'Washington',
  'WA',
  'West',
  'United States of America'
);

INSERT INTO locations (name, city, state, state_code, region, country)
VALUES (
  'St. Louis, MO',
  'St. Louis',
  'Missouri',
  'MO',
  'Midwest',
  'United States of America'
);

INSERT INTO locations (name, city, state, state_code, region, country)
VALUES (
  'Syracuse, NY',
  'Syracuse',
  'New York',
  'NY',
  'Northeast',
  'United States of America'
);

INSERT INTO locations (name, city, state, state_code, region, country)
VALUES (
  'Tampa, FL',
  'Tampa',
  'Florida',
  'FL',
  'South',
  'United States of America'
);

INSERT INTO locations (name, city, state, state_code, region, country)
VALUES (
  'Trenton, NJ',
  'Trenton',
  'New Jersey',
  'NJ',
  'Northeast',
  'United States of America'
);

INSERT INTO locations (name, city, state, state_code, region, country)
VALUES (
  'Princeton, NJ',
  'Princeton',
  'New Jersey',
  'NJ',
  'Northeast',
  'United States of America'
);

INSERT INTO locations (name, city, state, state_code, region, country)
VALUES (
  'Tucson, AZ',
  'Tucson',
  'Arizona',
  'AZ',
  'West',
  'United States of America'
);

INSERT INTO locations (name, city, state, state_code, region, country)
VALUES (
  'Tulsa, OK',
  'Tulsa',
  'Oklahoma',
  'OK',
  'South',
  'United States of America'
);

INSERT INTO locations (name, city, state, state_code, region, country)
VALUES (
  'Vail, CO',
  'Vail',
  'Colorado',
  'CO',
  'West',
  'United States of America'
);

INSERT INTO locations (name, city, state, state_code, region, country)
VALUES (
  'Eagle, CO',
  'Eagle',
  'Colorado',
  'CO',
  'West',
  'United States of America'
);

INSERT INTO locations (name, city, state, state_code, region, country)
VALUES (
  'Washington, VA',
  'Washington',
  'Virginia',
  'VA',
  'South',
  'United States of America'
);

INSERT INTO locations (name, city, state, state_code, region, country)
VALUES (
  'Washington, DC',
  'Washington',
  'District of Columbia',
  'DC',
  'South',
  'United States of America'
);

INSERT INTO locations (name, city, state, state_code, region, country)
VALUES (
  'Antigua',
  'Antigua',
  'None',
  'None',
  'None',
  'None'
);

INSERT INTO locations (name, city, state, state_code, region, country)
VALUES (
  'Aruba',
  'Aruba',
  'None',
  'None',
  'None',
  'None'
);

INSERT INTO locations (name, city, state, state_code, region, country)
VALUES (
  'Bridgetown',
  'Bridgetown',
  'None',
  'None',
  'None',
  'None'
);

INSERT INTO locations (name, city, state, state_code, region, country)
VALUES (
  'Nassau',
  'Nassau',
  'None',
  'None',
  'None',
  'None'
);

INSERT INTO locations (name, city, state, state_code, region, country)
VALUES (
  'Bogota',
  'Bogota',
  'None',
  'None',
  'None',
  'None'
);

INSERT INTO locations (name, city, state, state_code, region, country)
VALUES (
  'San Jose (CR)',
  'San Jose (CR)',
  'None',
  'None',
  'None',
  'None'
);

INSERT INTO locations (name, city, state, state_code, region, country)
VALUES (
  'Puerto Plata',
  'Puerto Plata',
  'None',
  'None',
  'None',
  'None'
);

INSERT INTO locations (name, city, state, state_code, region, country)
VALUES (
  'Punta Cana',
  'Punta Cana',
  'None',
  'None',
  'None',
  'None'
);

INSERT INTO locations (name, city, state, state_code, region, country)
VALUES (
  'Santiago',
  'Santiago',
  'None',
  'None',
  'None',
  'None'
);

INSERT INTO locations (name, city, state, state_code, region, country)
VALUES (
  'Santo Domingo',
  'Santo Domingo',
  'None',
  'None',
  'None',
  'None'
);

INSERT INTO locations (name, city, state, state_code, region, country)
VALUES (
  'Guatemala City',
  'Guatemala City',
  'None',
  'None',
  'None',
  'None'
);

INSERT INTO locations (name, city, state, state_code, region, country)
VALUES (
  'San Pedro Sula',
  'San Pedro Sula',
  'None',
  'None',
  'None',
  'None'
);

INSERT INTO locations (name, city, state, state_code, region, country)
VALUES (
  'Montego Bay',
  'Montego Bay',
  'None',
  'None',
  'None',
  'None'
);

INSERT INTO locations (name, city, state, state_code, region, country)
VALUES (
  'Aguascalientes',
  'Aguascalientes',
  'None',
  'None',
  'None',
  'None'
);

INSERT INTO locations (name, city, state, state_code, region, country)
VALUES (
  'Cabo San Lucas',
  'Cabo San Lucas',
  'None',
  'None',
  'None',
  'None'
);

INSERT INTO locations (name, city, state, state_code, region, country)
VALUES (
  'Cancun',
  'Cancun',
  'None',
  'None',
  'None',
  'None'
);

INSERT INTO locations (name, city, state, state_code, region, country)
VALUES (
  'Chihuahua',
  'Chihuahua',
  'None',
  'None',
  'None',
  'None'
);

INSERT INTO locations (name, city, state, state_code, region, country)
VALUES (
  'Ciudad Juarez',
  'Ciudad Juarez',
  'None',
  'None',
  'None',
  'None'
);

INSERT INTO locations (name, city, state, state_code, region, country)
VALUES (
  'Culiacan',
  'Culiacan',
  'None',
  'None',
  'None',
  'None'
);

INSERT INTO locations (name, city, state, state_code, region, country)
VALUES (
  'Durango',
  'Durango',
  'None',
  'None',
  'None',
  'None'
);

INSERT INTO locations (name, city, state, state_code, region, country)
VALUES (
  'Guadalajara',
  'Guadalajara',
  'None',
  'None',
  'None',
  'None'
);

INSERT INTO locations (name, city, state, state_code, region, country)
VALUES (
  'Hermosillo',
  'Hermosillo',
  'None',
  'None',
  'None',
  'None'
);

INSERT INTO locations (name, city, state, state_code, region, country)
VALUES (
  'Huatulco',
  'Huatulco',
  'None',
  'None',
  'None',
  'None'
);

INSERT INTO locations (name, city, state, state_code, region, country)
VALUES (
  'Leon',
  'Leon',
  'None',
  'None',
  'None',
  'None'
);

INSERT INTO locations (name, city, state, state_code, region, country)
VALUES (
  'Guanajuato',
  'Guanajuato',
  'None',
  'None',
  'None',
  'None'
);

INSERT INTO locations (name, city, state, state_code, region, country)
VALUES (
  'Mexicali',
  'Mexicali',
  'None',
  'None',
  'None',
  'None'
);

INSERT INTO locations (name, city, state, state_code, region, country)
VALUES (
  'Mexico City',
  'Mexico City',
  'None',
  'None',
  'None',
  'None'
);

INSERT INTO locations (name, city, state, state_code, region, country)
VALUES (
  'Monterrey',
  'Monterrey',
  'None',
  'None',
  'None',
  'None'
);

INSERT INTO locations (name, city, state, state_code, region, country)
VALUES (
  'Morelia',
  'Morelia',
  'None',
  'None',
  'None',
  'None'
);

INSERT INTO locations (name, city, state, state_code, region, country)
VALUES (
  'Oaxaca',
  'Oaxaca',
  'None',
  'None',
  'None',
  'None'
);

INSERT INTO locations (name, city, state, state_code, region, country)
VALUES (
  'Puebla',
  'Puebla',
  'None',
  'None',
  'None',
  'None'
);

INSERT INTO locations (name, city, state, state_code, region, country)
VALUES (
  'Puerto Vallarta',
  'Puerto Vallarta',
  'None',
  'None',
  'None',
  'None'
);

INSERT INTO locations (name, city, state, state_code, region, country)
VALUES (
  'Queretaro',
  'Queretaro',
  'None',
  'None',
  'None',
  'None'
);

INSERT INTO locations (name, city, state, state_code, region, country)
VALUES (
  'San Luis Potosi',
  'San Luis Potosi',
  'None',
  'None',
  'None',
  'None'
);

INSERT INTO locations (name, city, state, state_code, region, country)
VALUES (
  'Tijuana',
  'Tijuana',
  'None',
  'None',
  'None',
  'None'
);

INSERT INTO locations (name, city, state, state_code, region, country)
VALUES (
  'Toluca',
  'Toluca',
  'None',
  'None',
  'None',
  'None'
);

INSERT INTO locations (name, city, state, state_code, region, country)
VALUES (
  'Tuxtla Gutierrez',
  'Tuxtla Gutierrez',
  'None',
  'None',
  'None',
  'None'
);

INSERT INTO locations (name, city, state, state_code, region, country)
VALUES (
  'Uruapan',
  'Uruapan',
  'None',
  'None',
  'None',
  'None'
);

INSERT INTO locations (name, city, state, state_code, region, country)
VALUES (
  'Zacatecas',
  'Zacatecas',
  'None',
  'None',
  'None',
  'None'
);

INSERT INTO locations (name, city, state, state_code, region, country)
VALUES (
  'Aguadilla',
  'Aguadilla',
  'None',
  'None',
  'None',
  'None'
);

INSERT INTO locations (name, city, state, state_code, region, country)
VALUES (
  'Ponce',
  'Ponce',
  'None',
  'None',
  'None',
  'None'
);

INSERT INTO locations (name, city, state, state_code, region, country)
VALUES (
  'San Juan',
  'San Juan',
  'None',
  'None',
  'None',
  'None'
);

INSERT INTO locations (name, city, state, state_code, region, country)
VALUES (
  'San Salvador',
  'San Salvador',
  'None',
  'None',
  'None',
  'None'
);

INSERT INTO locations (name, city, state, state_code, region, country)
VALUES (
  'St. Marteen',
  'St. Marteen',
  'None',
  'None',
  'None',
  'None'
);

INSERT INTO locations (name, city, state, state_code, region, country)
VALUES (
  'Providenciales',
  'Providenciales',
  'None',
  'None',
  'None',
  'None'
);

INSERT INTO locations (name, city, state, state_code, region, country)
VALUES (
  'Port of Spain',
  'Port of Spain',
  'None',
  'None',
  'None',
  'None'
);

INSERT INTO locations (name, city, state, state_code, region, country)
VALUES (
  'St. Croix',
  'St. Croix',
  'None',
  'None',
  'None',
  'None'
);

INSERT INTO locations (name, city, state, state_code, region, country)
VALUES (
  'St. Thomas',
  'St. Thomas',
  'None',
  'None',
  'None',
  'None'
);

